,episode_id,character,personID,cluster,confidence,time
0,606035,Dr. Gregory House,0491402,20,0.361,372.52186036109924
1,606035,Dr. Lisa Cuddy,0249046,25,0.401,372.52186036109924
2,606035,Dr. Eric Foreman,0004898,16,0.393,372.52186036109924
3,606035,Dr. James Wilson,0000494,19,0.403,372.52186036109924
4,606035,Dr. Allison Cameron,0607185,23,0.436,372.52186036109924
5,606035,Dr. Robert Chase,0817980,22,0.38,372.52186036109924
6,606035,Rebecca Adler,0000677,0,0.482,372.52186036109924
