,episode_id,character,personID,cluster,confidence,time
0,606034,Dr. Gregory House,0491402,15,0.326,413.33092522621155
1,606034,Dr. Lisa Cuddy,0249046,40,0.426,413.33092522621155
2,606034,Dr. Eric Foreman,0004898,26,0.377,413.33092522621155
3,606034,Dr. James Wilson,0000494,16,0.377,413.33092522621155
4,606034,Dr. Allison Cameron,0607185,13,0.427,413.33092522621155
5,606034,Dr. Robert Chase,0817980,14,0.39,413.33092522621155
