,character,personID,cluster,confidence
0,Dr. Gregory House,0491402,20,0.7445312499999999
1,Dr. Lisa Cuddy,0249046,25,0.40726744186046515
2,Dr. Eric Foreman,0004898,16,0.594170403587444
3,Dr. James Wilson,0000494,19,0.40162601626016264
4,Dr. Allison Cameron,0607185,23,0.41829268292682925
5,Dr. Robert Chase,0817980,22,0.4900426742532005
