,x1,y1,x2,y2,right_eye_x,right_eye_y,left_eye_x,left_eye_y,nose_x,nose_y,mouth_right_x,mouth_right_y,mouth_left_x,mouth_left_y,confidence,face_num,frame_num,img_width,img_height,filepath,encoding,series_id,episode_id,filename,distance_from_center,pct_of_frame,season,episode
0,0.337,0.0,0.674,0.422,0.417,-0.058,0.579,-0.041,0.483,0.069,0.421,0.214,0.541,0.225,0.913,0,7800,1920,1080,/home/amos/media/tv/Infinity.Train.S01-S04.1080p.WEBRip.x265-RARBG/Infinity.Train.S01.1080p.WEBRip.x265-RARBG/Infinity.Train.S01E10.1080p.WEBRip.x265-RARBG.mp4,"-0.0572477
0.104794
0.0694936
0.00582577
-0.0873855
-0.0179824
-0.0780352
-0.0145121
0.106278
-0.0648498
0.188676
-0.0189892
-0.229628
0.0207934
-0.0127001
0.086717
-0.11563
-0.0806165
-0.151869
-0.111626
0.026096
0.0239038
-0.00527559
0.014731
-0.0863086
-0.254519
-0.0689704
-0.0993696
0.127987
-0.194102
-0.0144686
-0.00137224
-0.12631
-0.0210207
-0.0254456
0.0637182
0.0324074
-0.117264
0.162037
-0.0435269
-0.163247
-0.0324174
0.0280307
0.268021
0.149814
0.0469851
0.030926
-0.0439085
0.0845347
-0.243353
0.0385551
0.123887
0.0438733
0.109964
0.0785671
-0.208798
0.0291293
0.100872
-0.114101
0.0825765
0.0625566
-0.0618178
-0.0279101
-0.133589
0.231207
0.0833803
-0.101365
-0.154073
0.087685
-0.181116
-0.0439872
0.119115
-0.0949663
-0.107466
-0.251924
0.0463962
0.368071
0.164475
-0.135414
0.0177757
-0.0764635
-0.0486309
0.0187342
0.0512537
-0.0965095
0.0366826
-0.0942323
0.0673257
0.22658
-0.0295769
0.0212979
0.14703
-0.0319662
-0.00831261
-0.0302553
0.0521165
-0.122228
-0.00556239
-0.0359187
0.0138356
0.121327
-0.151289
0.00512163
0.0888965
-0.187298
0.123468
-0.0362146
-0.00759122
0.0339827
0.0318722
-0.087425
0.00428155
0.249665
-0.251027
0.20551
0.225084
0.0545127
0.0924431
0.0510544
0.148065
-0.0424372
-0.00103166
-0.156042
-0.0804917
-0.0118482
-0.0500665
-0.00884333
0.0353552",8146754,,Infinity.Train.S01E10.1080p.WEBRip.x265-RARBG.mp4,1101.45,0.0,1,10
