,x1,y1,x2,y2,right_eye_x,right_eye_y,left_eye_x,left_eye_y,nose_x,nose_y,mouth_right_x,mouth_right_y,mouth_left_x,mouth_left_y,confidence,face_num,frame_num,img_width,img_height,filepath,encoding,series_id,episode_id,filename,distance_from_center,pct_of_frame,season,episode
0,0.242,0.467,0.265,0.509,0.25,0.485,0.259,0.486,0.255,0.495,0.25,0.501,0.257,0.502,0.979,0,14256,1920,1080,/home/amos/media/tv/Infinity.Train.S01-S04.1080p.WEBRip.x265-RARBG/Infinity.Train.S01.1080p.WEBRip.x265-RARBG/Infinity.Train.S01E09.1080p.WEBRip.x265-RARBG.mp4,"-0.0555951
-0.0402775
0.0842168
0.00649373
-0.122143
-0.0776256
-0.0516233
-0.111151
0.0644507
-0.130537
0.107275
-0.110149
-0.227063
-0.04168
-0.0420114
0.112361
-0.108829
-0.0687047
-0.0807244
-0.0963683
0.0681393
0.0826756
0.0252354
-0.00530057
-0.118864
-0.301495
-0.0883269
-0.07708
0.00869053
-0.066524
-0.0106665
0.117156
-0.213583
0.0174948
-0.0482664
0.135926
-0.0539933
-0.128262
0.198435
-0.016043
-0.164718
0.0102504
0.0912797
0.18524
0.193614
-0.0282064
0.00573826
-0.0339824
0.0777919
-0.261002
-0.0111148
0.182171
0.0581205
0.0874045
0.0922205
-0.106478
0.0353805
0.102412
-0.179883
0.0936715
0.0374391
-0.0969281
0.00461761
-0.0819124
0.217235
0.0734171
-0.0790672
-0.117498
0.157528
-0.237556
-0.0832905
0.104423
-0.127344
-0.153739
-0.340709
-0.0125455
0.344914
0.17335
-0.117989
0.0470711
-0.108404
-0.0747885
0.0619178
0.0777273
0.0299071
-0.0262928
-0.111259
0.087948
0.228206
-0.0594945
-0.0188929
0.24161
0.0314207
-0.0201353
-0.06704
-0.00221058
-0.105382
-0.0574564
-0.069265
-0.0230902
0.082017
-0.113481
0.024958
0.165741
-0.160532
0.113098
-0.0592459
-0.0520814
0.0212203
-0.0326066
-0.118905
0.0147026
0.16122
-0.246262
0.169314
0.151772
-0.00282223
0.10413
0.0214241
0.127694
-0.067288
-0.0522122
-0.177604
-0.0917229
-0.0123897
0.0410238
0.027139
0.0909707",8146754,,Infinity.Train.S01E09.1080p.WEBRip.x265-RARBG.mp4,1101.45,0.0009660000000000004,1,9
